USE [PrjctManagementSystem_dbserver]
GO
SET IDENTITY_INSERT [dbo].[tbUser] ON 
GO
INSERT [dbo].[tbUser] ([id], [login], [password], [first_name], [last_name], [email], [role], [getEmails]) VALUES (1, N'lada', N'8d969eef6ecad3c29a3a629280e686cf0c3f5d5a86aff3ca12020c923adc6c92', N'Ladislav', N'Novák', N'test@seznam.cz', 2, 1)
GO
INSERT [dbo].[tbUser] ([id], [login], [password], [first_name], [last_name], [email], [role], [getEmails]) VALUES (2, N'peny', N'8d969eef6ecad3c29a3a629280e686cf0c3f5d5a86aff3ca12020c923adc6c92', N'Pennny', N'Market', N'penny@market.com', 2, 1)
GO
INSERT [dbo].[tbUser] ([id], [login], [password], [first_name], [last_name], [email], [role], [getEmails]) VALUES (3, N'mattoni', N'8d969eef6ecad3c29a3a629280e686cf0c3f5d5a86aff3ca12020c923adc6c92', N'Alfy', N'Kinnie', N'akinnie3@vk.com', 2, 1)
GO
INSERT [dbo].[tbUser] ([id], [login], [password], [first_name], [last_name], [email], [role], [getEmails]) VALUES (4, N'acer', N'8d969eef6ecad3c29a3a629280e686cf0c3f5d5a86aff3ca12020c923adc6c92', N'Kvetoslav', N'Nový', N'Kvetoslav.Kvasnicka@seznam.cz', 2, 1)
GO
INSERT [dbo].[tbUser] ([id], [login], [password], [first_name], [last_name], [email], [role], [getEmails]) VALUES (5, N'asus', N'8d969eef6ecad3c29a3a629280e686cf0c3f5d5a86aff3ca12020c923adc6c92', N'Bohuslava', N'Šulcová', N'Bohuslava.sulcova@seznam.cz', 2, 1)
GO
INSERT [dbo].[tbUser] ([id], [login], [password], [first_name], [last_name], [email], [role], [getEmails]) VALUES (6, N'protein', N'8d969eef6ecad3c29a3a629280e686cf0c3f5d5a86aff3ca12020c923adc6c92', N'Noraa', N'Doležalová', N'Dita.Valickova@seznam.cz', 2, 1)
GO
INSERT [dbo].[tbUser] ([id], [login], [password], [first_name], [last_name], [email], [role], [getEmails]) VALUES (7, N'sacharid', N'8d969eef6ecad3c29a3a629280e686cf0c3f5d5a86aff3ca12020c923adc6c92', N'Evže', N'Cajka', N'Evzen.cajka@seznam.cz', 2, 1)
GO
INSERT [dbo].[tbUser] ([id], [login], [password], [first_name], [last_name], [email], [role], [getEmails]) VALUES (8, N'coffee', N'8d969eef6ecad3c29a3a629280e686cf0c3f5d5a86aff3ca12020c923adc6c92', N'Ferdinand', N'Andrýsek', N'ferdinan@seznam.cz', 2, 1)
GO
INSERT [dbo].[tbUser] ([id], [login], [password], [first_name], [last_name], [email], [role], [getEmails]) VALUES (9, N'lake', N'8d969eef6ecad3c29a3a629280e686cf0c3f5d5a86aff3ca12020c923adc6c92', N'Intel', N'Coffee Lake', N'pentium@intel.cz', 2, 1)
GO
INSERT [dbo].[tbUser] ([id], [login], [password], [first_name], [last_name], [email], [role], [getEmails]) VALUES (10, N'intel', N'8d969eef6ecad3c29a3a629280e686cf0c3f5d5a86aff3ca12020c923adc6c92', N'Some', N'Data', N'test@data.com', 2, 1)
GO
INSERT [dbo].[tbUser] ([id], [login], [password], [first_name], [last_name], [email], [role], [getEmails]) VALUES (12, N'josefhrab', N'8d969eef6ecad3c29a3a629280e686cf0c3f5d5a86aff3ca12020c923adc6c92', N'Josef', N'Hrabálek', N'josef@josef.cs', 2, 1)
GO
INSERT [dbo].[tbUser] ([id], [login], [password], [first_name], [last_name], [email], [role], [getEmails]) VALUES (13, N'admin', N'8c6976e5b5410415bde908bd4dee15dfb167a9c873fc4bb8a81f6f2ab448a918', N'Administrator', N'Administrator', N'admin@admin.cz', 1, 1)
GO
INSERT [dbo].[tbUser] ([id], [login], [password], [first_name], [last_name], [email], [role], [getEmails]) VALUES (14, N'pluc01', N'8d969eef6ecad3c29a3a629280e686cf0c3f5d5a86aff3ca12020c923adc6c92', N'David', N'Plucnar', N'ahoj@ahoj.cz', 3, 1)
GO
INSERT [dbo].[tbUser] ([id], [login], [password], [first_name], [last_name], [email], [role], [getEmails]) VALUES (15, N'readonly', N'8171bacf32668a8f44b90087ad107ed63170f57154763ba7e44047bf9e5a7be3', N'ReadOnly', N'ReadOnly', N'kuc0277@vsb.cz', 3, 1)
GO
INSERT [dbo].[tbUser] ([id], [login], [password], [first_name], [last_name], [email], [role], [getEmails]) VALUES (16, N'rom123', N'4d72990af17cc63c8240b1c28a62e9012799624639db07b5335b9d1cdafd6aac', N'Romca', N'Hrdlicka', N'ahoj@seznam.cz', 1, 1)
GO
INSERT [dbo].[tbUser] ([id], [login], [password], [first_name], [last_name], [email], [role], [getEmails]) VALUES (18, N'emailtest', N'1a11512d301fa55c44cce1fb772117efd69a5e88695c6c30b4592e3d15753aa3', N'Email', N'Test', N'pinkfluffy12@seznam.cz', 3, 0)
GO
INSERT [dbo].[tbUser] ([id], [login], [password], [first_name], [last_name], [email], [role], [getEmails]) VALUES (19, N'qwertz', N'd482ba4b7d3218f3e841038c407ed1f94e9846a4dd68e56bab7718903962aa98', N'Asdf', N'Qwertz', N'qweq@seznam.cz', 2, 1)
GO
INSERT [dbo].[tbUser] ([id], [login], [password], [first_name], [last_name], [email], [role], [getEmails]) VALUES (23, N'dusan', N'8d969eef6ecad3c29a3a629280e686cf0c3f5d5a86aff3ca12020c923adc6c92', N'Dušan', N'Kučeřík', N'pinkfluffy12@seznam.cz', 1, 1)
GO
SET IDENTITY_INSERT [dbo].[tbUser] OFF
GO
SET IDENTITY_INSERT [dbo].[tbProject] ON 
GO
INSERT [dbo].[tbProject] ([Id], [Name], [Fk_Owner_Id], [Assigned]) VALUES (8, N'Laduv projekt', 1, N'Ladislav Novák,Administrator Administrator')
GO
INSERT [dbo].[tbProject] ([Id], [Name], [Fk_Owner_Id], [Assigned]) VALUES (10, N'Hlavní projekt', 13, N'Administrator Administrator,Email Test')
GO
INSERT [dbo].[tbProject] ([Id], [Name], [Fk_Owner_Id], [Assigned]) VALUES (24, N'Nový projekt Qwertz a Admina', 19, N'Administrator Administrator,Josef Hrabálek,Karel Vojácek,David Plucnar,Noraa Doležalová,Asdf Qwertz')
GO
INSERT [dbo].[tbProject] ([Id], [Name], [Fk_Owner_Id], [Assigned]) VALUES (25, N'read only projekt', 19, N'ReadOnly ReadOnly,Administrator Administrator,Asdf Qwertz')
GO
INSERT [dbo].[tbProject] ([Id], [Name], [Fk_Owner_Id], [Assigned]) VALUES (29, N'Bakalářská práce', 23, N'Asdf Qwertz,Dušan Kučeřík')
GO
INSERT [dbo].[tbProject] ([Id], [Name], [Fk_Owner_Id], [Assigned]) VALUES (30, N'Seminárka', 23, N'Dušan Kučeřík')
GO
INSERT [dbo].[tbProject] ([Id], [Name], [Fk_Owner_Id], [Assigned]) VALUES (31, N'Projekt jiného uživatele', 13, N'Dušan Kučeřík,Administrator Administrator')
GO
SET IDENTITY_INSERT [dbo].[tbProject] OFF
GO
INSERT [dbo].[tbProjectParticipants] ([Fk_User_Id], [Fk_Project_Id]) VALUES (19, 29)
GO
INSERT [dbo].[tbProjectParticipants] ([Fk_User_Id], [Fk_Project_Id]) VALUES (23, 31)
GO
INSERT [dbo].[tbProjectParticipants] ([Fk_User_Id], [Fk_Project_Id]) VALUES (18, 10)
GO
INSERT [dbo].[tbProjectParticipants] ([Fk_User_Id], [Fk_Project_Id]) VALUES (13, 8)
GO
INSERT [dbo].[tbProjectParticipants] ([Fk_User_Id], [Fk_Project_Id]) VALUES (13, 24)
GO
INSERT [dbo].[tbProjectParticipants] ([Fk_User_Id], [Fk_Project_Id]) VALUES (12, 24)
GO
INSERT [dbo].[tbProjectParticipants] ([Fk_User_Id], [Fk_Project_Id]) VALUES (14, 24)
GO
INSERT [dbo].[tbProjectParticipants] ([Fk_User_Id], [Fk_Project_Id]) VALUES (6, 24)
GO
INSERT [dbo].[tbProjectParticipants] ([Fk_User_Id], [Fk_Project_Id]) VALUES (15, 25)
GO
INSERT [dbo].[tbProjectParticipants] ([Fk_User_Id], [Fk_Project_Id]) VALUES (13, 25)
GO
SET IDENTITY_INSERT [dbo].[tbTask] ON 
GO
INSERT [dbo].[tbTask] ([Id], [Name], [Description], [Fk_Owner_Id], [Fk_Project_Id], [Assigned], [Status], [Priority], [Labels]) VALUES (6, N'Test', N'test', 13, 8, N'Administrator Administrator', N'Započatý', N'Střední', N'Web')
GO
INSERT [dbo].[tbTask] ([Id], [Name], [Description], [Fk_Owner_Id], [Fk_Project_Id], [Assigned], [Status], [Priority], [Labels]) VALUES (7, N'test', N'test', 13, 8, NULL, N'Dokončený', N'Strední', N'Administrace')
GO
INSERT [dbo].[tbTask] ([Id], [Name], [Description], [Fk_Owner_Id], [Fk_Project_Id], [Assigned], [Status], [Priority], [Labels]) VALUES (8, N'test', N'test', 13, 8, NULL, N'Započatý', N'Strední', N'Administrace')
GO
INSERT [dbo].[tbTask] ([Id], [Name], [Description], [Fk_Owner_Id], [Fk_Project_Id], [Assigned], [Status], [Priority], [Labels]) VALUES (9, N'test', N'test', 13, 8, NULL, N'Nezapočatý', N'Strední', N'Administrace')
GO
INSERT [dbo].[tbTask] ([Id], [Name], [Description], [Fk_Owner_Id], [Fk_Project_Id], [Assigned], [Status], [Priority], [Labels]) VALUES (10, N'test', N'test', 13, 8, NULL, N'Dokončený', N'Strední', N'Administrace')
GO
INSERT [dbo].[tbTask] ([Id], [Name], [Description], [Fk_Owner_Id], [Fk_Project_Id], [Assigned], [Status], [Priority], [Labels]) VALUES (11, N'test', N'test', 13, 8, NULL, N'Dokončený', N'Strední', N'Administrace')
GO
INSERT [dbo].[tbTask] ([Id], [Name], [Description], [Fk_Owner_Id], [Fk_Project_Id], [Assigned], [Status], [Priority], [Labels]) VALUES (12, N'test', N'test', 13, 8, NULL, N'Nezapočatý', N'Strední', N'Administrace')
GO
INSERT [dbo].[tbTask] ([Id], [Name], [Description], [Fk_Owner_Id], [Fk_Project_Id], [Assigned], [Status], [Priority], [Labels]) VALUES (13, N'test', N'test', 13, 8, NULL, N'Započatý', N'Strední', N'Administrace')
GO
INSERT [dbo].[tbTask] ([Id], [Name], [Description], [Fk_Owner_Id], [Fk_Project_Id], [Assigned], [Status], [Priority], [Labels]) VALUES (14, N'test', N'test', 13, 8, NULL, N'Nezapočatý', N'Strední', N'Administrace')
GO
INSERT [dbo].[tbTask] ([Id], [Name], [Description], [Fk_Owner_Id], [Fk_Project_Id], [Assigned], [Status], [Priority], [Labels]) VALUES (15, N'test', N'test', 13, 8, NULL, N'Nezapočatý', N'Strední', N'Administrace')
GO
INSERT [dbo].[tbTask] ([Id], [Name], [Description], [Fk_Owner_Id], [Fk_Project_Id], [Assigned], [Status], [Priority], [Labels]) VALUES (16, N'test', N'test', 13, 8, NULL, N'Započatý', N'Strední', N'Administrace')
GO
INSERT [dbo].[tbTask] ([Id], [Name], [Description], [Fk_Owner_Id], [Fk_Project_Id], [Assigned], [Status], [Priority], [Labels]) VALUES (17, N'test', N'test', 13, 8, NULL, N'Započatý', N'Strední', N'Administrace')
GO
INSERT [dbo].[tbTask] ([Id], [Name], [Description], [Fk_Owner_Id], [Fk_Project_Id], [Assigned], [Status], [Priority], [Labels]) VALUES (18, N'test', N'test', 13, 8, NULL, N'Započatý', N'Strední', N'Administrace')
GO
INSERT [dbo].[tbTask] ([Id], [Name], [Description], [Fk_Owner_Id], [Fk_Project_Id], [Assigned], [Status], [Priority], [Labels]) VALUES (19, N'test', N'test', 13, 8, NULL, N'Započatý', N'Strední', N'Administrace')
GO
INSERT [dbo].[tbTask] ([Id], [Name], [Description], [Fk_Owner_Id], [Fk_Project_Id], [Assigned], [Status], [Priority], [Labels]) VALUES (20, N'test', N'test', 13, 8, N'Ladislav Novák', N'Nezapočatý', N'Střední', N'Web')
GO
INSERT [dbo].[tbTask] ([Id], [Name], [Description], [Fk_Owner_Id], [Fk_Project_Id], [Assigned], [Status], [Priority], [Labels]) VALUES (25, N'Hlavní úkol', N'Hlavní úkol, všechny štítky a zatím to vypadáže jo
', 13, 10, N'Email Test', N'Nezapočatý', N'Střední', N'Administrace')
GO
INSERT [dbo].[tbTask] ([Id], [Name], [Description], [Fk_Owner_Id], [Fk_Project_Id], [Assigned], [Status], [Priority], [Labels]) VALUES (26, N'Vedlejší úkol', N'Dva štítky? 
tady je popis
ještě', 13, 10, N'Email Test', N'Dokončený', N'Střední', N'Administrace,Web,Aplikace')
GO
INSERT [dbo].[tbTask] ([Id], [Name], [Description], [Fk_Owner_Id], [Fk_Project_Id], [Assigned], [Status], [Priority], [Labels]) VALUES (27, N'Další vedlejší úkol', N'Jeden štítek
gsdfg
dg
dsg
dsgd
fgsd
fg
sdf
fsd
s
dfs
df', 13, 10, N'Email Test', N'Dokončený', N'Střední', N'Administrace')
GO
INSERT [dbo].[tbTask] ([Id], [Name], [Description], [Fk_Owner_Id], [Fk_Project_Id], [Assigned], [Status], [Priority], [Labels]) VALUES (28, N'Další ukol', N'Přiřazeno komu?', 13, 10, N'Administrator Administrator,Email Test', N'Započatý', N'Vysoká', N'Administrace,Web')
GO
INSERT [dbo].[tbTask] ([Id], [Name], [Description], [Fk_Owner_Id], [Fk_Project_Id], [Assigned], [Status], [Priority], [Labels]) VALUES (32, N'Nový úkol', N'Úkol který je dostupný pro všechny přiřazené uživatele
', 19, 24, N'Administrator Administrator,Josef Hrabálek,Karel Vojácek,David Plucnar,Noraa Doležalová', N'Dokončený', N'Střední', N'Administrace,Web,Aplikace')
GO
INSERT [dbo].[tbTask] ([Id], [Name], [Description], [Fk_Owner_Id], [Fk_Project_Id], [Assigned], [Status], [Priority], [Labels]) VALUES (34, N'Úkol', N'zkouška zda-li alert component funguje jak má', 19, 25, N'ReadOnly ReadOnly', N'Započatý', N'Nízká', N'Web')
GO
INSERT [dbo].[tbTask] ([Id], [Name], [Description], [Fk_Owner_Id], [Fk_Project_Id], [Assigned], [Status], [Priority], [Labels]) VALUES (38, N'Přidat novou barvu pro btn', N'Za úkol bude přidat primární barvu pro angular mat-stroked-button tak, aby mohl být použit jak na tmavou, tak světlou formu webové aplikace.

:)))', 13, 10, N'Email Test', N'Dokončený', N'Vysoká', N'Web,Aplikace')
GO
INSERT [dbo].[tbTask] ([Id], [Name], [Description], [Fk_Owner_Id], [Fk_Project_Id], [Assigned], [Status], [Priority], [Labels]) VALUES (39, N'Přidat novou barvu pro btn', N'Za úkol bude přidat primární barvu pro angular mat-stroked-button tak, aby mohl být použit jak na tmavou, tak světlou formu webové aplikace.', 23, 29, N'Dušan Kučeřík', N'Dokončený', N'Střední', N'Web,Aplikace')
GO
INSERT [dbo].[tbTask] ([Id], [Name], [Description], [Fk_Owner_Id], [Fk_Project_Id], [Assigned], [Status], [Priority], [Labels]) VALUES (40, N'Přiřadit více uživatelů', N'Ještě musím přiřadit více uživatelů aby byla možnost ...', 23, 29, N'Asdf Qwertz,Dušan Kučeřík', N'Započatý', N'Vysoká', N'Administrace')
GO
INSERT [dbo].[tbTask] ([Id], [Name], [Description], [Fk_Owner_Id], [Fk_Project_Id], [Assigned], [Status], [Priority], [Labels]) VALUES (41, N'Nahrát testovací data', N'Večer nahrát více testovacích dat pro účely testování.', 23, 29, N'Asdf Qwertz', N'Dokončený', N'Nízká', N'Administrace,Web,Aplikace')
GO
INSERT [dbo].[tbTask] ([Id], [Name], [Description], [Fk_Owner_Id], [Fk_Project_Id], [Assigned], [Status], [Priority], [Labels]) VALUES (42, N'Připsat databázový kontext', N'Do písemné části bakalářské práce zajisté ještě přidat databázový kontext + obrázek databázového modelu. Taky popsat celý relační model.

Pak odevzdat :))', 23, 29, N'Dušan Kučeřík', N'Započatý', N'Vysoká', N'Administrace,Web,Aplikace')
GO
INSERT [dbo].[tbTask] ([Id], [Name], [Description], [Fk_Owner_Id], [Fk_Project_Id], [Assigned], [Status], [Priority], [Labels]) VALUES (43, N'Dopsat dokumentaci', N'Deployment na Azure a testování emailů', 23, 29, N'Dušan Kučeřík', N'Nezapočatý', N'Vysoká', N'Web,Aplikace')
GO
INSERT [dbo].[tbTask] ([Id], [Name], [Description], [Fk_Owner_Id], [Fk_Project_Id], [Assigned], [Status], [Priority], [Labels]) VALUES (44, N'fvrfvrfvrfv', N'vrfvrfv', 13, 31, N'Dušan Kučeřík', N'Nezapočatý', N'Střední', N'Administrace')
GO
SET IDENTITY_INSERT [dbo].[tbTask] OFF
GO
SET IDENTITY_INSERT [dbo].[tbTaskComment] ON 
GO
INSERT [dbo].[tbTaskComment] ([Id], [Content], [TimeChanged], [Fk_Owner_Id], [Fk_Task_Id]) VALUES (3, N'gdfgd', CAST(N'2019-04-09T20:24:57.167' AS DateTime), 13, 20)
GO
INSERT [dbo].[tbTaskComment] ([Id], [Content], [TimeChanged], [Fk_Owner_Id], [Fk_Task_Id]) VALUES (7, N'Jojo, myslím že nynější podoba by mohla být ', CAST(N'2019-04-24T16:07:39.540' AS DateTime), 13, 38)
GO
INSERT [dbo].[tbTaskComment] ([Id], [Content], [TimeChanged], [Fk_Owner_Id], [Fk_Task_Id]) VALUES (9, N'ahpj
', CAST(N'2019-04-24T20:49:08.233' AS DateTime), 23, 42)
GO
SET IDENTITY_INSERT [dbo].[tbTaskComment] OFF
GO
SET IDENTITY_INSERT [dbo].[tbBug] ON 
GO
INSERT [dbo].[tbBug] ([Id], [Name], [Description], [Fk_Owner_Id], [Fk_Project_Id], [Assigned], [Status], [Priority], [Labels], [Start], [End]) VALUES (4, N'Test', N'test', 13, 8, N'Ladislav Novák', N'Opravený', N'Nízká', N'Administrace', NULL, CAST(N'2019-04-23' AS Date))
GO
INSERT [dbo].[tbBug] ([Id], [Name], [Description], [Fk_Owner_Id], [Fk_Project_Id], [Assigned], [Status], [Priority], [Labels], [Start], [End]) VALUES (5, N'Test', N'Další test', 13, 8, NULL, N'Potvrzený', N'Nízká', N'', NULL, NULL)
GO
INSERT [dbo].[tbBug] ([Id], [Name], [Description], [Fk_Owner_Id], [Fk_Project_Id], [Assigned], [Status], [Priority], [Labels], [Start], [End]) VALUES (6, N'Další menší test', N'Test', 13, 8, NULL, N'Rozpracovaný', N'Nízká', N'', NULL, NULL)
GO
INSERT [dbo].[tbBug] ([Id], [Name], [Description], [Fk_Owner_Id], [Fk_Project_Id], [Assigned], [Status], [Priority], [Labels], [Start], [End]) VALUES (11, N'Tasky přidat', N'štítky u bugu a tasku', 13, 10, N'Administrator Administrator,Email Test', N'Rozpracovaný', N'Nízká', N'Administrace', CAST(N'2019-04-10' AS Date), CAST(N'2019-04-11' AS Date))
GO
INSERT [dbo].[tbBug] ([Id], [Name], [Description], [Fk_Owner_Id], [Fk_Project_Id], [Assigned], [Status], [Priority], [Labels], [Start], [End]) VALUES (12, N'Assign test', N'hmmm :)', 13, 10, N'Administrator Administrator,Email Test', N'Rozpracovaný', N'Střední', N'Administrace,Web,Aplikace', CAST(N'2019-04-11' AS Date), CAST(N'2019-04-29' AS Date))
GO
INSERT [dbo].[tbBug] ([Id], [Name], [Description], [Fk_Owner_Id], [Fk_Project_Id], [Assigned], [Status], [Priority], [Labels], [Start], [End]) VALUES (13, N'Nový bug', N'Musí být dokonceno
do
nekdy', 19, 24, N'Administrator Administrator,Josef Hrabálek,Karel Vojácek', N'Nový', N'Vysoká', N'Web', CAST(N'2019-04-08' AS Date), CAST(N'2019-04-23' AS Date))
GO
SET IDENTITY_INSERT [dbo].[tbBug] OFF
GO
INSERT [dbo].[tbTaskArchive] ([Id], [Name], [Description], [Fk_Owner_Id], [Fk_Project_Id], [Assigned], [Status], [Priority], [Labels]) VALUES (4, N'archivni ukol', N'testovani archivu', 13, 10, NULL, N'Nezapočatý', N'Nízká', N'Administrace')
GO
INSERT [dbo].[tbTaskArchive] ([Id], [Name], [Description], [Fk_Owner_Id], [Fk_Project_Id], [Assigned], [Status], [Priority], [Labels]) VALUES (33, N'Archivní úkol', N'Bude archivován kvuli testování', 19, 24, N'Josef Hrabálek,Karel Vojácek,David Plucnar', N'Započatý', N'Střední', N'Web')
GO
INSERT [dbo].[tbTaskArchive] ([Id], [Name], [Description], [Fk_Owner_Id], [Fk_Project_Id], [Assigned], [Status], [Priority], [Labels]) VALUES (35, N'Stmh', N'sdad', 13, 25, N'ReadOnly ReadOnly', N'Dokončený', N'Střední', N'Administrace')
GO
INSERT [dbo].[tbTaskCommentArchive] ([Id], [Content], [TimeChanged], [Fk_Owner_Id], [Fk_Task_Id]) VALUES (5, N'Komentář, půjde vidět v archívu?', CAST(N'2019-04-22T22:05:42.647' AS DateTime), 19, 33)
GO
